{
  "Fine-Tune": {
    "class_il": [
      98.9,
      44.125,
      31.216666666666665,
      24.575,
      19.39
    ],
    "task_il": [
      98.85,
      89.425,
      85.8,
      74.2625,
      79.11
    ]
  },
  "EWC": {
    "class_il": [
      98.9,
      44.05,
      30.866666666666667,
      24.2125,
      19.1
    ],
    "task_il": [
      98.95,
      89.075,
      86.46666666666665,
      68.9375,
      69.55
    ]
  },
  "LwF": {
    "class_il": [
      99.0,
      43.35,
      30.866666666666667,
      24.025,
      19.29
    ],
    "task_il": [
      99.1,
      91.975,
      92.38333333333333,
      91.825,
      88.52000000000001
    ]
  },
  "Co2L": {
    "class_il": [
      99.2,
      71.575,
      54.0,
      43.025,
      42.04
    ],
    "task_il": [
      99.0,
      87.075,
      86.8,
      79.35000000000001,
      83.11
    ]
  }
}