{
  "Fine-Tune": {
    "class_il": [
      99.15,
      39.15,
      29.266666666666666,
      23.6875,
      18.84
    ],
    "task_il": [
      99.0,
      84.1,
      86.13333333333333,
      81.95,
      85.12
    ]
  },
  "EWC": {
    "class_il": [
      99.25,
      39.35,
      28.666666666666668,
      23.4625,
      18.73
    ],
    "task_il": [
      99.2,
      83.725,
      85.98333333333333,
      82.675,
      85.34
    ]
  },
  "LwF": {
    "class_il": [
      99.05,
      37.7,
      27.066666666666666,
      23.0,
      18.84
    ],
    "task_il": [
      99.1,
      79.95,
      83.83333333333333,
      85.625,
      87.25999999999999
    ]
  },
  "Co2L": {
    "class_il": [
      99.2,
      71.575,
      54.0,
      43.025,
      42.04
    ],
    "task_il": [
      99.0,
      87.075,
      86.8,
      79.35000000000001,
      83.11
    ]
  }
}