{
  "Fine-Tune": {
    "class_il": [
      98.05,
      42.55,
      30.25,
      24.2125,
      19.15
    ],
    "task_il": [
      98.0,
      90.25,
      80.88333333333334,
      67.8,
      72.53
    ]
  },
  "EWC": {
    "class_il": [
      98.2,
      42.65,
      30.4,
      24.1625,
      19.2
    ],
    "task_il": [
      98.0,
      89.57499999999999,
      80.75,
      66.3,
      68.27
    ]
  },
  "LwF": {
    "class_il": [
      98.05,
      41.8,
      29.866666666666667,
      24.1375,
      19.13
    ],
    "task_il": [
      97.85,
      90.025,
      89.78333333333335,
      88.97500000000001,
      86.55
    ]
  },
  "Co2L": {
    "class_il": [
      98.3,
      62.025,
      46.766666666666666,
      34.9,
      21.12
    ],
    "task_il": [
      98.3,
      85.44999999999999,
      79.46666666666667,
      80.175,
      80.26000000000002
    ]
  }
}