{
  "Fine-Tune": {
    "class_il": [
      98.9,
      44.025,
      30.816666666666666,
      24.525,
      19.27
    ],
    "task_il": [
      98.8,
      87.875,
      82.73333333333333,
      69.975,
      61.81
    ]
  },
  "EWC": {
    "class_il": [
      99.1,
      44.35,
      31.033333333333335,
      24.4,
      19.31
    ],
    "task_il": [
      99.1,
      90.3,
      84.93333333333334,
      73.6875,
      76.33000000000001
    ]
  },
  "LwF": {
    "class_il": [
      99.0,
      42.625,
      30.933333333333334,
      24.3625,
      19.27
    ],
    "task_il": [
      99.05,
      91.35,
      92.23333333333333,
      90.95,
      86.61
    ]
  },
  "Co2L": {
    "class_il": [
      99.15,
      63.05,
      43.416666666666664,
      32.7875,
      21.16
    ],
    "task_il": [
      99.1,
      88.07499999999999,
      84.76666666666667,
      79.39999999999999,
      82.84
    ]
  }
}