{
  "Fine-Tune": {
    "class_il": [
      99.05,
      44.025,
      31.05,
      24.4,
      19.24
    ],
    "task_il": [
      98.6,
      89.0,
      80.81666666666666,
      75.625,
      76.27000000000001
    ]
  },
  "EWC": {
    "class_il": [
      98.8,
      44.15,
      31.3,
      24.3625,
      19.35
    ],
    "task_il": [
      98.6,
      87.975,
      84.08333333333333,
      75.3875,
      75.83
    ]
  },
  "LwF": {
    "class_il": [
      98.8,
      44.075,
      31.15,
      24.325,
      19.35
    ],
    "task_il": [
      98.8,
      89.94999999999999,
      91.53333333333335,
      87.525,
      84.95
    ]
  },
  "Co2L": {
    "class_il": [
      98.3,
      62.025,
      46.766666666666666,
      34.9,
      21.12
    ],
    "task_il": [
      98.3,
      85.44999999999999,
      79.46666666666667,
      80.175,
      80.26000000000002
    ]
  }
}